PRAGMA foreign_keys=OFF;
BEGIN TRANSACTION;
CREATE TABLE IF NOT EXISTS "django_migrations" ("id" integer NOT NULL PRIMARY KEY AUTOINCREMENT, "app" varchar(255) NOT NULL, "name" varchar(255) NOT NULL, "applied" datetime NOT NULL);
INSERT INTO django_migrations VALUES(1,'contenttypes','0001_initial','2025-05-30 15:29:35.175284');
INSERT INTO django_migrations VALUES(2,'auth','0001_initial','2025-05-30 15:29:35.214027');
INSERT INTO django_migrations VALUES(3,'admin','0001_initial','2025-05-30 15:29:35.242682');
INSERT INTO django_migrations VALUES(4,'admin','0002_logentry_remove_auto_add','2025-05-30 15:29:35.271095');
INSERT INTO django_migrations VALUES(5,'admin','0003_logentry_add_action_flag_choices','2025-05-30 15:29:35.294175');
INSERT INTO django_migrations VALUES(6,'contenttypes','0002_remove_content_type_name','2025-05-30 15:29:35.323406');
INSERT INTO django_migrations VALUES(7,'auth','0002_alter_permission_name_max_length','2025-05-30 15:29:35.352266');
INSERT INTO django_migrations VALUES(8,'auth','0003_alter_user_email_max_length','2025-05-30 15:29:35.372931');
INSERT INTO django_migrations VALUES(9,'auth','0004_alter_user_username_opts','2025-05-30 15:29:35.395596');
INSERT INTO django_migrations VALUES(10,'auth','0005_alter_user_last_login_null','2025-05-30 15:29:35.418321');
INSERT INTO django_migrations VALUES(11,'auth','0006_require_contenttypes_0002','2025-05-30 15:29:35.428900');
INSERT INTO django_migrations VALUES(12,'auth','0007_alter_validators_add_error_messages','2025-05-30 15:29:35.445366');
INSERT INTO django_migrations VALUES(13,'auth','0008_alter_user_username_max_length','2025-05-30 15:29:35.467720');
INSERT INTO django_migrations VALUES(14,'auth','0009_alter_user_last_name_max_length','2025-05-30 15:29:35.486796');
INSERT INTO django_migrations VALUES(15,'auth','0010_alter_group_name_max_length','2025-05-30 15:29:35.505018');
INSERT INTO django_migrations VALUES(16,'auth','0011_update_proxy_permissions','2025-05-30 15:29:35.521632');
INSERT INTO django_migrations VALUES(17,'auth','0012_alter_user_first_name_max_length','2025-05-30 15:29:35.539866');
INSERT INTO django_migrations VALUES(18,'juegos','0001_initial','2025-05-30 15:29:35.567542');
INSERT INTO django_migrations VALUES(19,'sessions','0001_initial','2025-05-30 15:29:35.587762');
CREATE TABLE IF NOT EXISTS "auth_group_permissions" ("id" integer NOT NULL PRIMARY KEY AUTOINCREMENT, "group_id" integer NOT NULL REFERENCES "auth_group" ("id") DEFERRABLE INITIALLY DEFERRED, "permission_id" integer NOT NULL REFERENCES "auth_permission" ("id") DEFERRABLE INITIALLY DEFERRED);
CREATE TABLE IF NOT EXISTS "auth_user_groups" ("id" integer NOT NULL PRIMARY KEY AUTOINCREMENT, "user_id" integer NOT NULL REFERENCES "auth_user" ("id") DEFERRABLE INITIALLY DEFERRED, "group_id" integer NOT NULL REFERENCES "auth_group" ("id") DEFERRABLE INITIALLY DEFERRED);
CREATE TABLE IF NOT EXISTS "auth_user_user_permissions" ("id" integer NOT NULL PRIMARY KEY AUTOINCREMENT, "user_id" integer NOT NULL REFERENCES "auth_user" ("id") DEFERRABLE INITIALLY DEFERRED, "permission_id" integer NOT NULL REFERENCES "auth_permission" ("id") DEFERRABLE INITIALLY DEFERRED);
CREATE TABLE IF NOT EXISTS "django_admin_log" ("id" integer NOT NULL PRIMARY KEY AUTOINCREMENT, "object_id" text NULL, "object_repr" varchar(200) NOT NULL, "action_flag" smallint unsigned NOT NULL CHECK ("action_flag" >= 0), "change_message" text NOT NULL, "content_type_id" integer NULL REFERENCES "django_content_type" ("id") DEFERRABLE INITIALLY DEFERRED, "user_id" integer NOT NULL REFERENCES "auth_user" ("id") DEFERRABLE INITIALLY DEFERRED, "action_time" datetime NOT NULL);
CREATE TABLE IF NOT EXISTS "django_content_type" ("id" integer NOT NULL PRIMARY KEY AUTOINCREMENT, "app_label" varchar(100) NOT NULL, "model" varchar(100) NOT NULL);
INSERT INTO django_content_type VALUES(1,'admin','logentry');
INSERT INTO django_content_type VALUES(2,'auth','permission');
INSERT INTO django_content_type VALUES(3,'auth','group');
INSERT INTO django_content_type VALUES(4,'auth','user');
INSERT INTO django_content_type VALUES(5,'contenttypes','contenttype');
INSERT INTO django_content_type VALUES(6,'sessions','session');
INSERT INTO django_content_type VALUES(7,'juegos','genero');
INSERT INTO django_content_type VALUES(8,'juegos','plataforma');
INSERT INTO django_content_type VALUES(9,'juegos','juego');
CREATE TABLE IF NOT EXISTS "auth_permission" ("id" integer NOT NULL PRIMARY KEY AUTOINCREMENT, "content_type_id" integer NOT NULL REFERENCES "django_content_type" ("id") DEFERRABLE INITIALLY DEFERRED, "codename" varchar(100) NOT NULL, "name" varchar(255) NOT NULL);
INSERT INTO auth_permission VALUES(1,1,'add_logentry','Can add log entry');
INSERT INTO auth_permission VALUES(2,1,'change_logentry','Can change log entry');
INSERT INTO auth_permission VALUES(3,1,'delete_logentry','Can delete log entry');
INSERT INTO auth_permission VALUES(4,1,'view_logentry','Can view log entry');
INSERT INTO auth_permission VALUES(5,2,'add_permission','Can add permission');
INSERT INTO auth_permission VALUES(6,2,'change_permission','Can change permission');
INSERT INTO auth_permission VALUES(7,2,'delete_permission','Can delete permission');
INSERT INTO auth_permission VALUES(8,2,'view_permission','Can view permission');
INSERT INTO auth_permission VALUES(9,3,'add_group','Can add group');
INSERT INTO auth_permission VALUES(10,3,'change_group','Can change group');
INSERT INTO auth_permission VALUES(11,3,'delete_group','Can delete group');
INSERT INTO auth_permission VALUES(12,3,'view_group','Can view group');
INSERT INTO auth_permission VALUES(13,4,'add_user','Can add user');
INSERT INTO auth_permission VALUES(14,4,'change_user','Can change user');
INSERT INTO auth_permission VALUES(15,4,'delete_user','Can delete user');
INSERT INTO auth_permission VALUES(16,4,'view_user','Can view user');
INSERT INTO auth_permission VALUES(17,5,'add_contenttype','Can add content type');
INSERT INTO auth_permission VALUES(18,5,'change_contenttype','Can change content type');
INSERT INTO auth_permission VALUES(19,5,'delete_contenttype','Can delete content type');
INSERT INTO auth_permission VALUES(20,5,'view_contenttype','Can view content type');
INSERT INTO auth_permission VALUES(21,6,'add_session','Can add session');
INSERT INTO auth_permission VALUES(22,6,'change_session','Can change session');
INSERT INTO auth_permission VALUES(23,6,'delete_session','Can delete session');
INSERT INTO auth_permission VALUES(24,6,'view_session','Can view session');
INSERT INTO auth_permission VALUES(25,7,'add_genero','Can add genero');
INSERT INTO auth_permission VALUES(26,7,'change_genero','Can change genero');
INSERT INTO auth_permission VALUES(27,7,'delete_genero','Can delete genero');
INSERT INTO auth_permission VALUES(28,7,'view_genero','Can view genero');
INSERT INTO auth_permission VALUES(29,8,'add_plataforma','Can add plataforma');
INSERT INTO auth_permission VALUES(30,8,'change_plataforma','Can change plataforma');
INSERT INTO auth_permission VALUES(31,8,'delete_plataforma','Can delete plataforma');
INSERT INTO auth_permission VALUES(32,8,'view_plataforma','Can view plataforma');
INSERT INTO auth_permission VALUES(33,9,'add_juego','Can add juego');
INSERT INTO auth_permission VALUES(34,9,'change_juego','Can change juego');
INSERT INTO auth_permission VALUES(35,9,'delete_juego','Can delete juego');
INSERT INTO auth_permission VALUES(36,9,'view_juego','Can view juego');
CREATE TABLE IF NOT EXISTS "auth_group" ("id" integer NOT NULL PRIMARY KEY AUTOINCREMENT, "name" varchar(150) NOT NULL UNIQUE);
CREATE TABLE IF NOT EXISTS "auth_user" ("id" integer NOT NULL PRIMARY KEY AUTOINCREMENT, "password" varchar(128) NOT NULL, "last_login" datetime NULL, "is_superuser" bool NOT NULL, "username" varchar(150) NOT NULL UNIQUE, "last_name" varchar(150) NOT NULL, "email" varchar(254) NOT NULL, "is_staff" bool NOT NULL, "is_active" bool NOT NULL, "date_joined" datetime NOT NULL, "first_name" varchar(150) NOT NULL);
INSERT INTO auth_user VALUES(1,'pbkdf2_sha256$1000000$pmtTdeE0GiO5VQvBIX2WwW$m2d0FYHoCPiC5c/YsITSXVNXaABkbCQaIOBIBIxM9W0=','2025-05-30 16:38:23.463087',1,'programacion_facil','','programacionfacil.org@gmail.com',1,1,'2025-05-30 16:37:35.313229','');
CREATE TABLE IF NOT EXISTS "juegos_genero" ("id" integer NOT NULL PRIMARY KEY AUTOINCREMENT, "nombre" varchar(50) NOT NULL);
INSERT INTO juegos_genero VALUES(1,'Acción');
INSERT INTO juegos_genero VALUES(2,'Aventura');
INSERT INTO juegos_genero VALUES(3,'RPG');
INSERT INTO juegos_genero VALUES(4,'Ciencia ficción');
INSERT INTO juegos_genero VALUES(5,'Fantasía');
INSERT INTO juegos_genero VALUES(6,'Terror');
INSERT INTO juegos_genero VALUES(7,'Carreras');
INSERT INTO juegos_genero VALUES(8,'Puzzle');
INSERT INTO juegos_genero VALUES(9,'Simulación');
CREATE TABLE IF NOT EXISTS "juegos_plataforma" ("id" integer NOT NULL PRIMARY KEY AUTOINCREMENT, "nombre" varchar(50) NOT NULL);
INSERT INTO juegos_plataforma VALUES(1,'PS5');
INSERT INTO juegos_plataforma VALUES(2,'Xbox Series X/S');
INSERT INTO juegos_plataforma VALUES(3,'PC');
INSERT INTO juegos_plataforma VALUES(4,'Nintendo Switch');
CREATE TABLE IF NOT EXISTS "juegos_juego" ("id" integer NOT NULL PRIMARY KEY AUTOINCREMENT, "nombre" varchar(100) NOT NULL, "precio" decimal NOT NULL, "descripcion" text NOT NULL);
INSERT INTO juegos_juego VALUES(1,'Grand Theft Auto VI',69.98999999999999489,'La esperada nueva entrega de GTA, con una historia intensa y mundo abierto impresionante.');
INSERT INTO juegos_juego VALUES(2,'Elden Ring: Shadow of the Erdtree',49.99000000000000198,'Expansión masiva del aclamado RPG de mundo abierto, con nuevas zonas y jefes.');
INSERT INTO juegos_juego VALUES(3,'The Legend of Zelda: Echoes of the Past',59.99000000000000198,'Una nueva aventura épica de Zelda que expande el universo de Breath of the Wild.');
INSERT INTO juegos_juego VALUES(4,'Starfield',59.99000000000000198,'Exploración espacial y RPG de próxima generación por Bethesda.');
INSERT INTO juegos_juego VALUES(5,'Hogwarts Legacy',59.99000000000000198,'Explora el mundo mágico de Harry Potter en este RPG de mundo abierto ambientado en el siglo XIX.');
INSERT INTO juegos_juego VALUES(6,'Resident Evil 4 Remake',49.99000000000000198,'Reimaginación moderna del clásico survival horror con gráficos y mecánicas renovadas.');
INSERT INTO juegos_juego VALUES(7,'Final Fantasy XVI',69.98999999999999489,'Un nuevo capítulo en la legendaria saga de RPG con un enfoque más orientado a la acción.');
INSERT INTO juegos_juego VALUES(8,'Spider-Man 2',69.98999999999999489,'Continúa la aventura de Peter Parker y Miles Morales en una épica historia de superhéroes.');
INSERT INTO juegos_juego VALUES(9,'Forza Motorsport',59.99000000000000198,'Simulación de carreras con gráficos de última generación y física realista.');
INSERT INTO juegos_juego VALUES(10,'Metroid Prime 4',59.99000000000000198,'El regreso de Samus Aran en una nueva aventura de exploración y combate en primera persona.');
CREATE TABLE IF NOT EXISTS "juegos_juego_generos" ("id" integer NOT NULL PRIMARY KEY AUTOINCREMENT, "juego_id" bigint NOT NULL REFERENCES "juegos_juego" ("id") DEFERRABLE INITIALLY DEFERRED, "genero_id" bigint NOT NULL REFERENCES "juegos_genero" ("id") DEFERRABLE INITIALLY DEFERRED);
INSERT INTO juegos_juego_generos VALUES(1,1,1);
INSERT INTO juegos_juego_generos VALUES(2,1,2);
INSERT INTO juegos_juego_generos VALUES(3,2,1);
INSERT INTO juegos_juego_generos VALUES(4,2,3);
INSERT INTO juegos_juego_generos VALUES(5,3,8);
INSERT INTO juegos_juego_generos VALUES(6,3,2);
INSERT INTO juegos_juego_generos VALUES(7,4,3);
INSERT INTO juegos_juego_generos VALUES(8,4,4);
INSERT INTO juegos_juego_generos VALUES(9,5,2);
INSERT INTO juegos_juego_generos VALUES(10,5,3);
INSERT INTO juegos_juego_generos VALUES(11,6,1);
INSERT INTO juegos_juego_generos VALUES(12,6,6);
INSERT INTO juegos_juego_generos VALUES(13,7,3);
INSERT INTO juegos_juego_generos VALUES(14,7,5);
INSERT INTO juegos_juego_generos VALUES(15,8,1);
INSERT INTO juegos_juego_generos VALUES(16,8,2);
INSERT INTO juegos_juego_generos VALUES(17,9,9);
INSERT INTO juegos_juego_generos VALUES(18,9,7);
INSERT INTO juegos_juego_generos VALUES(19,10,1);
INSERT INTO juegos_juego_generos VALUES(20,10,4);
CREATE TABLE IF NOT EXISTS "juegos_juego_plataformas" ("id" integer NOT NULL PRIMARY KEY AUTOINCREMENT, "juego_id" bigint NOT NULL REFERENCES "juegos_juego" ("id") DEFERRABLE INITIALLY DEFERRED, "plataforma_id" bigint NOT NULL REFERENCES "juegos_plataforma" ("id") DEFERRABLE INITIALLY DEFERRED);
INSERT INTO juegos_juego_plataformas VALUES(1,1,1);
INSERT INTO juegos_juego_plataformas VALUES(2,1,2);
INSERT INTO juegos_juego_plataformas VALUES(3,2,1);
INSERT INTO juegos_juego_plataformas VALUES(4,2,2);
INSERT INTO juegos_juego_plataformas VALUES(5,2,3);
INSERT INTO juegos_juego_plataformas VALUES(6,3,4);
INSERT INTO juegos_juego_plataformas VALUES(7,4,2);
INSERT INTO juegos_juego_plataformas VALUES(8,4,3);
INSERT INTO juegos_juego_plataformas VALUES(9,5,1);
INSERT INTO juegos_juego_plataformas VALUES(10,5,2);
INSERT INTO juegos_juego_plataformas VALUES(11,5,3);
INSERT INTO juegos_juego_plataformas VALUES(12,6,1);
INSERT INTO juegos_juego_plataformas VALUES(13,6,2);
INSERT INTO juegos_juego_plataformas VALUES(14,6,3);
INSERT INTO juegos_juego_plataformas VALUES(15,7,1);
INSERT INTO juegos_juego_plataformas VALUES(16,8,1);
INSERT INTO juegos_juego_plataformas VALUES(17,9,2);
INSERT INTO juegos_juego_plataformas VALUES(18,9,3);
INSERT INTO juegos_juego_plataformas VALUES(19,10,4);
CREATE TABLE IF NOT EXISTS "django_session" ("session_key" varchar(40) NOT NULL PRIMARY KEY, "session_data" text NOT NULL, "expire_date" datetime NOT NULL);
INSERT INTO django_session VALUES('5o46hpwyo1kbb9jeov9rentrco3kp8ad','.eJxVjMEOwiAQRP-FsyGwLVQ8eu83ENhdpGogKe3J-O9K0oMeZ96beQkf9i37vfHqFxIXocXpt4sBH1w6oHsotyqxlm1douyKPGiTcyV-Xg_37yCHlvs6KkBGGjRqYAwA6hvTaCwBKdCOk-YpOGOSSdMZGJRN5MZkB20VWvH-AAnNOFI:1uL2kR:8255y98Xn3N9XPm8NggNDqsFYm_6w6-U1uUX_DtQoJA','2025-06-13 16:38:23.474754');
DELETE FROM sqlite_sequence;
INSERT INTO sqlite_sequence VALUES('django_migrations',19);
INSERT INTO sqlite_sequence VALUES('django_admin_log',0);
INSERT INTO sqlite_sequence VALUES('django_content_type',9);
INSERT INTO sqlite_sequence VALUES('auth_permission',36);
INSERT INTO sqlite_sequence VALUES('auth_group',0);
INSERT INTO sqlite_sequence VALUES('auth_user',1);
INSERT INTO sqlite_sequence VALUES('juegos_genero',9);
INSERT INTO sqlite_sequence VALUES('juegos_plataforma',4);
INSERT INTO sqlite_sequence VALUES('juegos_juego',10);
INSERT INTO sqlite_sequence VALUES('juegos_juego_generos',20);
INSERT INTO sqlite_sequence VALUES('juegos_juego_plataformas',19);
CREATE UNIQUE INDEX "auth_group_permissions_group_id_permission_id_0cd325b0_uniq" ON "auth_group_permissions" ("group_id", "permission_id");
CREATE INDEX "auth_group_permissions_group_id_b120cbf9" ON "auth_group_permissions" ("group_id");
CREATE INDEX "auth_group_permissions_permission_id_84c5c92e" ON "auth_group_permissions" ("permission_id");
CREATE UNIQUE INDEX "auth_user_groups_user_id_group_id_94350c0c_uniq" ON "auth_user_groups" ("user_id", "group_id");
CREATE INDEX "auth_user_groups_user_id_6a12ed8b" ON "auth_user_groups" ("user_id");
CREATE INDEX "auth_user_groups_group_id_97559544" ON "auth_user_groups" ("group_id");
CREATE UNIQUE INDEX "auth_user_user_permissions_user_id_permission_id_14a6b632_uniq" ON "auth_user_user_permissions" ("user_id", "permission_id");
CREATE INDEX "auth_user_user_permissions_user_id_a95ead1b" ON "auth_user_user_permissions" ("user_id");
CREATE INDEX "auth_user_user_permissions_permission_id_1fbb5f2c" ON "auth_user_user_permissions" ("permission_id");
CREATE INDEX "django_admin_log_content_type_id_c4bce8eb" ON "django_admin_log" ("content_type_id");
CREATE INDEX "django_admin_log_user_id_c564eba6" ON "django_admin_log" ("user_id");
CREATE UNIQUE INDEX "django_content_type_app_label_model_76bd3d3b_uniq" ON "django_content_type" ("app_label", "model");
CREATE UNIQUE INDEX "auth_permission_content_type_id_codename_01ab375a_uniq" ON "auth_permission" ("content_type_id", "codename");
CREATE INDEX "auth_permission_content_type_id_2f476e4b" ON "auth_permission" ("content_type_id");
CREATE UNIQUE INDEX "juegos_juego_generos_juego_id_genero_id_5c4d5032_uniq" ON "juegos_juego_generos" ("juego_id", "genero_id");
CREATE INDEX "juegos_juego_generos_juego_id_6b81e1eb" ON "juegos_juego_generos" ("juego_id");
CREATE INDEX "juegos_juego_generos_genero_id_70b499f1" ON "juegos_juego_generos" ("genero_id");
CREATE UNIQUE INDEX "juegos_juego_plataformas_juego_id_plataforma_id_0e2e830d_uniq" ON "juegos_juego_plataformas" ("juego_id", "plataforma_id");
CREATE INDEX "juegos_juego_plataformas_juego_id_30951cc5" ON "juegos_juego_plataformas" ("juego_id");
CREATE INDEX "juegos_juego_plataformas_plataforma_id_5b837a8e" ON "juegos_juego_plataformas" ("plataforma_id");
CREATE INDEX "django_session_expire_date_a5c62663" ON "django_session" ("expire_date");
COMMIT;
